iter	Logloss
0	0.687105239
5	0.6657436176
10	0.6434544009
15	0.627609863
20	0.6102095062
25	0.5944329704
30	0.5804409445
35	0.5673052463
40	0.5545472642
45	0.5429867652
50	0.5332608347
55	0.5234060763
60	0.5161134372
65	0.5077134485
70	0.5007177965
75	0.4944117044
80	0.4891652573
85	0.4834849545
90	0.4792218058
95	0.4740523519
99	0.4694867486
