iter	Logloss
0	0.6870298622
5	0.6600441267
10	0.6369845354
15	0.6169574842
20	0.5992274875
25	0.5832628551
30	0.5697804517
35	0.5560291594
40	0.543501037
45	0.5325204384
50	0.5229153987
55	0.5144492178
60	0.5055695177
65	0.4987229567
70	0.4909229502
75	0.4844251332
80	0.4793897328
85	0.4737687291
90	0.4686958084
95	0.464470417
99	0.4616423884
