iter	Logloss
0	0.6874225721
99	0.4574097157
